limpo,contagem,primeiro_nome,ultimo_nome,genero
"gomes neto, alfredo",26,alfredo,gomes neto,Homem
"campos, antonio luiz pereira de siqueira",15,antonio,campos,Homem
"sodré junior, arismar cerqueira",12,arismar,sodré junior,Homem
"dmitriev, victor",12,victor,dmitriev,Homem
"sadowski, nelson",12,nelson,sadowski,Homem
"batistela, nelson j.",12,nelson,batistela,Homem
"Oliveira, Rodrigo M. S. de",11,Rodrigo,oliveira,Homem
"melo, marcos t. de",10,marcos,melo,Homem
"cavalcante, gervasio p. s.",10,gervasio,cavalcante,Homem
"d’assuncao, adaildo gomes",9,adaildo,d’assuncao,Homem
"silva neto, valdemir praxedes da",8,valdemir,silva neto,Homem
"silva, jose patrocinio da",8,jose,silva,Homem
"costa, joao c. w. a.",8,joao,costa,Homem
"castellanos, pedro gonzalez",8,pedro,castellanos,Homem
"segatto, marcelo eduardo vieira",8,marcelo,segatto,Homem
"Kalinowski, Hypolito",8,Hypolito,kalinowski,Homem
"serres, alexandre jean René",8,alexandre,serres,Homem
"mello, luiz alencar reis da silva",7,luiz,mello,Homem
"deshmukh, amit a.",7,amit,deshmukh,Homem
"araujo, jasmine p. l.",7,jasmine,araujo,Mulher
"heckler, marcos v. t.",7,marcos,heckler,Homem
"matos, leni j. de",7,leni,matos,Mulher
"perotoni, marcelo bender",7,marcelo,perotoni,Homem
"barros, fabricio jose brito",7,fabricio,barros,Homem
"silva, jean carlos cardozo da",7,jean,silva,Homem
"pontes, maria jose",6,maria,pontes,Mulher
"bastos, joao pedro a.",6,joao,bastos,Homem
"spadoti, danilo h.",6,danilo,spadoti,Homem
"rego, cassio goncalves do",6,cassio,rego,Homem
"Siqueira, Gláucio Lima",6,Gláucio,siqueira,Homem
"conforti, evandro",6,evandro,conforti,Homem
"wengerkievicz, carlos a. c.",6,carlos,wengerkievicz,Homem
"vitor, ulysses r. c.",6,ulysses,vitor,Homem
"sutili, tiago",6,tiago,sutili,Homem
"fabris, jose luis",5,jose,fabris,Homem
"silva, leonardo henrique gonsioroski furtado da",5,leonardo,silva,Homem
"silva, jefferson costa e",5,jefferson,silva,Homem
"segatto, marcelo e. v.",5,marcelo,segatto,Homem
"kumar, raj",5,raj,kumar,Homem
"Frances, Carlos Renato Lisboa",5,Carlos,frances,Homem
"barboza, amanda gomes",5,amanda,barboza,Mulher
"correra, fatima salete",5,fatima,correra,Mulher
"bastos-filho, carmelo j. a.",5,carmelo,bastos-filho,Homem
"muller, marcia",5,marcia,muller,Mulher
"kuo-peng, patrick",5,patrick,kuo-peng,Homem
"cardoso, diego lisboa",4,diego,cardoso,Homem
"vijaykumar, nandamudi. l.",4,nandamudi,vijaykumar,Homem
"cardoso, jose roberto",4,jose,cardoso,Homem
"silva, mauricio w. b.",4,mauricio,silva,Homem
"alcantara neto, miercio c. de",4,miercio,alcantara neto,Homem
"fang, shaojun",4,shaojun,fang,Homem
"fallah, mahmoud",4,mahmoud,fallah,Homem
"duarte junior, jose garibaldi",4,jose,duarte junior,Homem
"leite, jean v.",4,jean,leite,Homem
"sartori, carlos antonio franca",4,carlos,sartori,Homem
"castellani, carlos eduardo s.",4,carlos,castellani,Homem
"bianchi, ildefonso",4,ildefonso,bianchi,Homem
"coutinho, ianes barbosa grecia",4,ianes,coutinho,Mulher
"Bergmann, Jose R.",4,Jose,bergmann,Homem
"llamas-garro, ignacio",4,ignacio,llamas-garro,Homem
"ramos, glaucio lopes",4,glaucio,ramos,Homem
"rocha, helder r. de o.",4,helder,rocha,Homem
"gallep, cristiano m.",4,cristiano,gallep,Homem
"nascimento, jehan fonseca do",4,jehan,nascimento,Homem
"rodrigues, nilton rodolfo n. m.",4,nilton,rodrigues,Homem
"nabeta, silvio ikuyo",4,silvio,nabeta,Homem
"nascimento, daniel c.",4,daniel,nascimento,Homem
"gomes, herminio s.",4,herminio,gomes,Homem
"Hernández-Figueroa, Hugo E.",4,Hugo,Hernández-Figueroa,Homem
"fonseca, daniel a. b.",4,daniel,fonseca,Homem
"gomes, cristiane r.",4,cristiane,gomes,Mulher
"wang, zhongbao",4,zhongbao,wang,Homem
"baudrand, henri",3,henri,baudrand,Homem
"coelho, thiago v. n.",3,thiago,coelho,Homem
"patil, shilpee",3,shilpee,patil,Mulher
"abdolali, ali",3,ali,abdolali,Homem
"liu, yuanzhi",3,yuanzhi,liu,Homem
"paz, humberto p.",3,humberto,paz,Homem
"ibnyaich, saida",3,saida,ibnyaich,Mulher
"rodrigues, marcio e. c.",3,marcio,rodrigues,Homem
"costa, emanoel",3,emanoel,costa,Homem
"santos, renan a. dos",3,renan,santos,Homem
"suarez, fredy m. s.",3,fredy,suarez,Homem
"bandiri, sabi y.m.",3,sabi,bandiri,Homem
"cunha, nilson henrique o.",3,nilson,cunha,Homem
"kamikawachi, ricardo canute",3,ricardo,kamikawachi,Homem
"fontgalland, glauco",3,glauco,fontgalland,Homem
"rodriguez-esquerre, vitaly f.",3,vitaly,rodriguez-esquerre,Homem
"schlosser, edson r.",3,edson,schlosser,Homem
"dias, mauricio h. c.",3,mauricio,dias,Homem
"titaouine, mohammed",3,mohammed,titaouine,Homem
"costa, karlo q. da",3,karlo,costa,Homem
"silva, vinicius s.",3,vinicius,silva,Homem
"pandey, anil kumar",3,anil,pandey,Homem
"cambero, eduardo v. v.",3,eduardo,cambero,Homem
"caleffo, ricardo caranicola",3,ricardo,caleffo,Homem
"capovilla, carlos e.",3,carlos,capovilla,Homem
"mosso, marbey manhaes",3,marbey,mosso,Homem
"brasil, fernando s.",3,fernando,brasil,Homem
"gomes, igor r.",3,igor,gomes,Homem
"silva, marcelino s. da",3,marcelino,silva,Homem
"resende, ursula c.",3,ursula,resende,Mulher
"casella, ivan r. s.",3,ivan,casella,Homem
"zehforoosh, yashar",3,yashar,zehforoosh,Homem
"ghammaz, abdelilah",3,abdelilah,ghammaz,Homem
"dreyer, uilian jose",3,uilian,dreyer,Homem
"silva, jair a. l.",3,jair,silva,Homem
"rigoni, mauricio",3,mauricio,rigoni,Homem
"Sousa, Thayaun Rolim de",3,Thayaun,sousa,Homem
"chabu, ivan e.",3,ivan,chabu,Homem
"chattoraj, neela",3,neela,chattoraj,Mulher
"mu, tong",3,tong,mu,Homem
"silva, crislane p. n.",3,crislane,silva,Mulher
"linhares, agostinho",3,agostinho,linhares,Homem
"oliveira, valmir de",3,valmir,oliveira,Homem
"chinig, abdessamed",3,abdessamed,chinig,Homem
"lisboa, adriano c.",3,adriano,lisboa,Homem
"paterno, aleksander sade",3,aleksander,paterno,Homem
"liu, hongmei",3,hongmei,liu,Mulher
"song, yaoliang",3,yaoliang,song,Homem
"vieira, juner m.",3,juner,vieira,Homem
"upadhyay, dileep kumar",3,dileep,upadhyay,Homem
"alves, henrique p.",3,henrique,alves,Homem
"durand, fabio r.",3,fabio,durand,Homem
"fernandes, diego cassio garcia",3,diego,fernandes,Homem
"saidi, raouia",3,raouia,saidi,Homem
"flores filho, aly ferreira",3,aly,flores filho,Homem
"Martins-Filho, Joaquim F.",3,Joaquim,martins-filho,Homem
"Almeida, Marta",3,Marta,almeida,Mulher
"pontes, marlene s.",3,marlene,pontes,Mulher
"figueiredo, rafael carvalho",3,rafael,figueiredo,Homem
"rubio-mercedes, cosme e.",3,cosme,rubio-mercedes,Homem
"errkik, ahmed",3,ahmed,errkik,Homem
"novo, marcela silva",3,marcela,novo,Mulher
"ron, carlos rodriguez vinicio",3,carlos,ron,Homem
"santos, alexandre bessa dos",3,alexandre,santos,Homem
"novo, lauro r. g. s. lourenco",3,lauro,novo,Homem
"ferreira, flavio h. c. s.",3,flavio,ferreira,Homem
"abrao, taufik",3,taufik,abrao,Homem
"andrade, fernando j. a.",3,fernando,andrade,Homem
"mello, luiz da silva",3,luiz,mello,Homem
"Santos, Kenedy Marconi G.",3,Kenedy,santos,Homem
"herbster, adolfo fernandes",3,adolfo,herbster,Homem
"mendes, filomena barbosa r.",3,filomena,mendes,Mulher
"goncalves, sandro trindade mordente",2,sandro,goncalves,Homem
"Castro, Bruno L.",2,Bruno,castro,Homem
"farias, roger l.",2,roger,farias,Homem
"silva, isaac barros tavares da",2,isaac,silva,Homem
"parada, diego",2,diego,parada,Homem
"silva, jean carneiro da",2,jean,silva,Homem
"goncalves, yan s.",2,yan,goncalves,Homem
"silva, diego kasuo nakata da",2,diego,silva,Homem
"sakomura, eduardo s.",2,eduardo,sakomura,Homem
"chaubey, prem narayan",2,prem,chaubey,Homem
"gesualdi, marcos r. r.",2,marcos,gesualdi,Homem
"chiamenti, ismael",2,ismael,chiamenti,Homem
"salles, alvaro a. a. de",2,alvaro,salles,Homem
"fantauzzi, stefano",2,stefano,fantauzzi,Homem
"chaves, daniel a. r.",2,daniel,chaves,Homem
"chavali, venkata a. p.",2,venkata,chavali,Mulher
"garg, amit kumar",2,amit,garg,Homem
"ferreira, tadeu n.",2,tadeu,ferreira,Homem
"silva, vinicius f.",2,vinicius,silva,Homem
"lacava, jose c.da s.",2,jose,lacava,Homem
"Ferreira, Daniel B.",2,Daniel,ferreira,Homem
"silva, sandro goncalves da",2,sandro,silva,Homem
"ramirez, luis a. r.",2,luis,ramirez,Homem
"silva, rogerio m. l.",2,rogerio,silva,Homem
"canavitsas, angelo a. c.",2,angelo,canavitsas,Homem
"pandey, vijay kumar",2,vijay,pandey,Homem
"pandhare, rashmi a.",2,rashmi,pandhare,Mulher
"silva, paulo henrique da f.",2,paulo,silva,Homem
"Riabi, Mohamed Lahdi",2,Mohamed,riabi,Homem
"hajlaoui, el amjed",2,el,hajlaoui,Homem
"guimaraes, adller de o.",2,adller,guimaraes,Homem
"cardoso, markos p.",2,markos,cardoso,Homem
"silva, joao batista rosa",2,joao,silva,Homem
"carpes junior, walter pereira",2,walter,carpes junior,Homem
"guevara, dinael",2,dinael,guevara,Homem
"Giraldi, Maria Thereza M. R.",2,Maria,giraldi,Mulher
"silva, luiz g. da",2,luiz,silva,Homem
"rezaei, abbas",2,abbas,rezaei,Homem
"silva, luis cicero bezerra da",2,luis,silva,Homem
"silva, leandro aurelio da",2,leandro,silva,Homem
"carvalho, solon v. de",2,solon,carvalho,Homem
"carvalho, tassio costa de",2,tassio,carvalho,Homem
"raghavan, srividya",2,srividya,raghavan,Mulher
"ghasemi-mizuji, ensieh",2,ensieh,ghasemi-mizuji,Mulher
"silva, anderson o.",2,anderson,silva,Homem
"said, tarek m.",2,tarek,said,Homem
"ribeiro, jose antonio justino",2,jose,ribeiro,Homem
"rosa, guilherme s.",2,guilherme,rosa,Homem
"fernandes, victor",2,victor,fernandes,Homem
"dureck, eduardo henrique",2,eduardo,dureck,Homem
"curty, thales a.",2,thales,curty,Homem
"frances, renato l.",2,renato,frances,Homem
"guerra, mauricio v.",2,mauricio,guerra,Homem
"guerreiro, ariel",2,ariel,guerreiro,Homem
"segundo, marcos tulio antunes bezerra",2,marcos,segundo,Homem
"fragnito, hugo l.",2,hugo,fragnito,Homem
"santos, jose c. a.",2,jose,santos,Homem
"santos, jose l.",2,jose,santos,Homem
"perrussel, ronan",2,ronan,perrussel,Homem
"juca, marco a.",2,marco,juca,Homem
"duarte, mychael jales",2,mychael,duarte,Homem
"delgado, felipe s.",2,felipe,delgado,Homem
"fabiani, bernardo m.",2,bernardo,fabiani,Homem
"pichorim, sergio f.",2,sergio,pichorim,Homem
"fontana, eduardo",2,eduardo,fontana,Homem
"piltyay, stepan",2,stepan,piltyay,Homem
"deynu, faith kwaku",2,faith,deynu,Mulher
"roger, leonardo l. bravo",2,leonardo,roger,Homem
"di paolo, franco",2,franco,di paolo,Homem
"dias, daniel h. n.",2,daniel,dias,Homem
"djouimaa, awatef",2,awatef,djouimaa,Mulher
"romeiro, amanda f.",2,amanda,romeiro,Mulher
"duarte, laryssa maria de sousa",2,laryssa,duarte,Mulher
"idrissi, abdelaziz el",2,abdelaziz,idrissi,Homem
"pohl, alexandre de almeida prado",2,alexandre,pohl,Homem
"pipa, daniel r.",2,daniel,pipa,Homem
"du, qiang",2,qiang,du,Homem
"derafshi, iman",2,iman,derafshi,Mulher
"krahenbuhl, laurent",2,laurent,krahenbuhl,Homem
"komjani, nader",2,nader,komjani,Homem
"garcia, anilton salles",2,anilton,garcia,Homem
"coelho, diogo v n",2,diogo,coelho,Homem
"evangelista, thamyris da silva",2,thamyris,evangelista,Mulher
"coelho, rooney r. a.",2,rooney,coelho,Homem
"robinson, savarimuthu",2,savarimuthu,robinson,Homem
"Elias, Ricardo de Andrade",2,Ricardo,elias,Homem
"grine, farouk",2,farouk,grine,Homem
"santos, amanda beatriz cunha dos",2,amanda,santos,Mulher
"romero, murilo araujo",2,murilo,romero,Homem
"rocha, peterson",2,peterson,rocha,Homem
"rodigheri, mareli",2,mareli,rodigheri,Mulher
"freitas, luciano m. de",2,luciano,freitas,Homem
"kanaujia, binod kumar",2,binod,kanaujia,Homem
"silva filho, hawson v. h.",2,hawson,silva filho,Homem
"costa, andrecia pereira da",2,andrecia,costa,Mulher
"santos, danilo f. s.",2,danilo,santos,Homem
"sheleg, sergey",2,sergey,sheleg,Homem
"costa, igor f. da",2,igor,costa,Homem
"freire, raimundo carlos silverio",2,raimundo,freire,Homem
"costa, luis g. da s.",2,luis,costa,Homem
"pelizari, ademir",2,ademir,pelizari,Homem
"santos, eliel p. dos",2,eliel,santos,Homem
"pereira, fabio henrique",2,fabio,pereira,Homem
"shahu, babu lal",2,babu,shahu,Homem
"cruz, andre felipe souza da",2,andre,cruz,Homem
"ebadzadeh, seyedeh roghaye",2,seyedeh,ebadzadeh,Mulher
"santos, helton f. dos",2,helton,santos,Homem
"pontes, leon p.",2,leon,pontes,Homem
"oliveira, hebio j. b. de",2,hebio,oliveira,Homem
"adoui, ibtissem",2,ibtissem,adoui,Mulher
"oliveira, joao guilherme domingos de",2,joao,oliveira,Homem
"mendes, luciano l.",2,luciano,mendes,Homem
"abe, ilda",2,ilda,abe,Mulher
"mendonca, laercio m. de",2,laercio,mendonca,Homem
"abdelgwad, ahmad h.",2,ahmad,abdelgwad,Homem
"lopes, ramz l. fraiha",2,ramz,lopes,Homem
"nascimento, clerisson",2,clerisson,nascimento,Homem
"baptista, jose m.",2,jose,baptista,Homem
"lopes, nathan m.",2,nathan,lopes,Homem
"menezes, leonardo r.a.x. de",2,leonardo,menezes,Homem
"abboud, fariz",2,fariz,abboud,Homem
"oliveira, julio c. r. f.",2,julio,oliveira,Homem
"Lira, Ruann Victor de A.",2,Ruann,lira,Homem
"oliveira, maciel alves de",2,maciel,oliveira,Homem
"barbero, andres pablo lopez",2,andres,barbero,Homem
"barbosa, douglas c. p.",2,douglas,barbosa,Homem
"barino, felipe o.",2,felipe,barino,Homem
"naceur, aounallah",2,aounallah,naceur,Homem
"oliveira, marta r. t.",2,marta,oliveira,Mulher
"barrientos, ernesto m. m.",2,ernesto,barrientos,Homem
"barroso, joaquim j.",2,joaquim,barroso,Homem
"Silva Mello, Luiz A. R. da",2,Luiz,Silva Mello,Homem
"batalha, iury s.",2,iury,batalha,Homem
"souza, mauren a. de",2,mauren,souza,Mulher
"souza, juliete da silva",2,juliete,souza,Mulher
"souza, jorge",2,jorge,souza,Homem
"bencherif, karima",2,karima,bencherif,Mulher
"abatti, paulo j.",2,paulo,abatti,Homem
"almeida, jorge virgilio de",2,jorge,almeida,Homem
"martelli, cicero",2,cicero,martelli,Homem
"alves, andrea a. c.",2,andrea,alves,Mulher
"valletti, lorenzo",2,lorenzo,valletti,Homem
"tripathi, chandra c.",2,chandra,tripathi,Mulher
"tribak, abdelwahed",2,abdelwahed,tribak,Homem
"veiga, antonio c. p.",2,antonio,veiga,Homem
"manouare, ahmed zakaria",2,ahmed,manouare,Homem
"noori, leila",2,leila,noori,Mulher
"manera, leandro tiago",2,leandro,manera,Homem
"mamedes, deisy formiga",2,deisy,mamedes,Mulher
"alexandre, luciano camilo",2,luciano,alexandre,Homem
"Alencar, Marina de Oliveira",2,Marina,alencar,Mulher
"verma, alka",2,alka,verma,Mulher
"nascimento, julio a. s. do",2,julio,nascimento,Homem
"negri, lucas h.",2,lucas,negri,Homem
"magri, vanessa p. r.",2,vanessa,magri,Mulher
"akpari, evans wilson",2,evans,akpari,Homem
"araujo, ramon c. f.",2,ramon,araujo,Homem
"vilhena, paulo r. m. de",2,paulo,vilhena,Homem
"terada, marco antonio brasil",2,marco,terada,Homem
"mazzola, cristian f.",2,cristian,mazzola,Homem
"ahmad, zeeshan",2,zeeshan,ahmad,Homem
"teixeira, fernando l.",2,fernando,teixeira,Homem
"vollaire, christian",2,christian,vollaire,Homem
"oliveira, edvar da l.",2,edvar,oliveira,Homem
"voyer, damien",2,damien,voyer,Homem
"oliveira, elias m. f. de",2,elias,oliveira,Homem
"tang, tao",2,tao,tang,Homem
"tajmouati, abdelaziz",2,abdelaziz,tajmouati,Homem
"araujo, danilo r. b.",2,danilo,araujo,Homem
"lima, adelson menezes",2,adelson,lima,Homem
"lima junior, ivan t.",2,ivan,lima junior,Homem
"sousa, bruno matias de",2,bruno,sousa,Homem
"sotelo, guilherme g.",2,guilherme,sotelo,Homem
"sood, deepak",2,deepak,sood,Homem
"Sombra, Antonio Sergio B.",2,Antonio,sombra,Homem
"modesto, jonathas f. m.",2,jonathas,modesto,Homem
"soares, icaro v.",2,icaro,soares,Homem
"bouari, abdou halique a. a.",2,abdou,bouari,Homem
"slyusar, vadym",2,vadym,slyusar,Homem
"sliusar, ihor",2,ihor,sliusar,Homem
"mohammadifar, maryam",2,maryam,mohammadifar,Mulher
"boutejdar, ahmed",2,ahmed,boutejdar,Homem
"leggieri, alberto",2,alberto,leggieri,Homem
"omar, abbas",2,abbas,omar,Homem
"brandao, tiago h.",2,tiago,brandao,Homem
"singh, vinod kumar",2,vinod,singh,Homem
"singh, prabhakar",2,prabhakar,singh,Homem
"lee, keh-yi",2,keh-yi,lee,Homem
"bri, seddik",2,seddik,bri,Homem
"paganotti, andre l.",2,andre,paganotti,Homem
"zampolo, ronaldo f.",2,ronaldo,zampolo,Homem
"zamarreno, carlos ruiz",2,carlos,zamarreno,Homem
"lazzaretti, andre eugenio",2,andre,lazzaretti,Homem
"silva-santos, carlos h.",2,carlos,silva-santos,Homem
"moreira, fernando j. s.",2,fernando,moreira,Homem
"lavor, otavio paulino",2,otavio,lavor,Homem
"latrach, mohamed",2,mohamed,latrach,Homem
"cantarino, wesley m.",2,wesley,cantarino,Homem
"pal, srikanta",2,srikanta,pal,Homem
"zbitou, jamal",2,jamal,zbitou,Homem
"lima, fabio de o.",2,fabio,lima,Homem
"lima, thiago s. de",2,thiago,lima,Homem
"souza, andre luiz nunes de",2,andre,souza,Homem
"Sousa, Thayaun Rolim de",2,Thayaun,sousa,Homem
"silva, vinicius nunes henrique",2,vinicius,silva,Homem
"mishra, suvendu s.",2,suvendu,mishra,Homem
"lima, eduardo s.",2,eduardo,lima,Homem
"benhabiles, mohamed taoufik",2,mohamed,benhabiles,Homem
"moschim, edson",1,edson,moschim,Homem
"reddy, b rama sanjeeva",1,rama,reddy,Homem
"razzak, s. m. a.",1,s.,razzak,Homem
"quirino, sandro f.",1,sandro,quirino,Homem
"qurratulain,",1,,qurratulain,Homem
"rabaca, ricardo seriacopi",1,ricardo,rabaca,Homem
"muttoni, leonardo",1,leonardo,muttoni,Homem
"rafael-valdivia, guillermo",1,guillermo,rafael-valdivia,Homem
"nervis, bruno",1,bruno,nervis,Homem
"rezende, mateus h. b.",1,mateus,rezende,Homem
"nerguizian, vahe",1,vahe,nerguizian,Homem
"muylaert, rafael p. b.",1,rafael,muylaert,Homem
"negri, gabriel h.",1,gabriel,negri,Homem
"muralidharan, ramalingam",1,ramalingam,muralidharan,Homem
"mydlarsky, lauren",1,lauren,mydlarsky,Mulher
"rahim, tariq",1,tariq,rahim,Homem
"possetti, gustavo r. c.",1,gustavo,possetti,Homem
"neves, daniel marchesi de c.",1,daniel,neves,Homem
"prado, kleber rogerio moreira",1,kleber,prado,Homem
"prakash, arun",1,arun,prakash,Homem
"neves, carlos g. c.",1,carlos,neves,Homem
"neves junior, paulo de tarso",1,paulo,neves junior,Homem
"murty, neti v l narasimha",1,neti,murty,Mulher
"murugesan, kasthuri",1,kasthuri,murugesan,Mulher
"rezende, mirabel c.",1,mirabel,rezende,Mulher
"puerta, rafael",1,rafael,puerta,Homem
"queiroz, andre t.",1,andre,queiroz,Homem
"neto, geraldo",1,geraldo,neto,Homem
"queiroz, wamberto",1,wamberto,queiroz,Homem
"neto, egidio r.",1,egidio,neto,Homem
"reddy, k. t. v.",1,k.,reddy,Homem
"rahman, saeed ur",1,saeed,rahman,Homem
"murari, andre l. l. f.",1,andre,murari,Homem
"moreira, luiz carlos",1,luiz,moreira,Homem
"prudenzano, francesco",1,francesco,prudenzano,Homem
"natale, ricardo",1,ricardo,natale,Homem
"rathod, shivraj m.",1,shivraj,rathod,Homem
"muduli, ario de janeirouna",1,ario,muduli,Homem
"ravelo, blaise",1,blaise,ravelo,Homem
"nascimento, rubens j.",1,rubens,nascimento,Homem
"nascimento, paula f.",1,paula,nascimento,Mulher
"nascimento, lara",1,lara,nascimento,Mulher
"moura, leidiane carolina martins de",1,leidiane,moura,Mulher
"mota, raimundo j. s.",1,raimundo,mota,Homem
"reis, george b.",1,george,reis,Homem
"moura, matheus b.",1,matheus,moura,Homem
"naidu, praveen v.",1,praveen,naidu,Homem
"moura, uiara",1,uiara,moura,Mulher
"rehder, gustavo p.",1,gustavo,rehder,Homem
"reis, edson c dos",1,edson,reis,Homem
"mowete, ike",1,ike,mowete,Homem
"nakkeeran, rangaswamy",1,rangaswamy,nakkeeran,Homem
"namihira, yoshinori",1,yoshinori,namihira,Homem
"ren, shuang",1,shuang,ren,Mulher
"Nazeri, Amir Hossein",1,Amir,nazeri,Homem
"rahman, tharek a.",1,tharek,rahman,Homem
"raj, manu",1,manu,raj,Mulher
"Raju, Vengalaraju Seetha Rama",1,Vengalaraju,raju,Homem
"muniz, giselle francine b.",1,giselle,muniz,Mulher
"ramesh, mantri",1,mantri,ramesh,Homem
"navarro, andres",1,andres,navarro,Homem
"ray, kamla prasan",1,kamla,ray,Mulher
"Rao, Maddi Hemalata",1,Maddi,rao,Mulher
"ramirez, jaime a.",1,jaime,ramirez,Homem
"reguera, vitalio a.",1,vitalio,reguera,Homem
"ray, kamla p.",1,kamla,ray,Mulher
"moura, camila c.",1,camila,moura,Mulher
"mujezinovic, adnan",1,adnan,mujezinovic,Homem
"ray, arup",1,arup,ray,Homem
"nau, sebastiao l.",1,sebastiao,nau,Homem
"rangel, elizete g. l.",1,elizete,rangel,Mulher
"reha, abdelati",1,abdelati,reha,Homem
"mota, vitor l. g.",1,vitor,mota,Homem
"pataca, daniel m.",1,daniel,pataca,Homem
"olmos, juan j. v.",1,juan,olmos,Homem
"olivero, massimo",1,massimo,olivero,Homem
"patel, kamlesh",1,kamlesh,patel,Homem
"oliveira, sergio campello",1,sergio,oliveira,Homem
"oliveira, romulo a. n.",1,romulo,oliveira,Homem
"oliveira, phelipe wesley s.",1,phelipe,oliveira,Homem
"patidar, hemant",1,hemant,patidar,Homem
"oliveira, nicollas r. de",1,nicollas,oliveira,Homem
"paula, cristiano b. de",1,cristiano,paula,Homem
"paula, geyverson teixeira de",1,geyverson,paula,Homem
"morais, gabryel jeronimo de",1,gabryel,morais,Homem
"oliveira, murilo leme",1,murilo,oliveira,Homem
"pedroso, marcelo a.",1,marcelo,pedroso,Homem
"oliveira, marcelo m.m. de",1,marcelo,oliveira,Homem
"peixeiro, custodio",1,custodio,peixeiro,Homem
"oliveira, manuella c. de",1,manuella,oliveira,Mulher
"pelegrin, jesse de",1,jesse,pelegrin,Homem
"oliveira, luciano prado de",1,luciano,oliveira,Homem
"penchel, rafael a.",1,rafael,penchel,Homem
"penze, rivael strobel",1,rivael,penze,Homem
"pereira, emerson t.",1,emerson,pereira,Homem
"pereira, feliphe",1,feliphe,pereira,Homem
"pereira, jacqueline s.",1,jacqueline,pereira,Mulher
"oliveira, juliano",1,juliano,oliveira,Homem
"paulena, gabriel p.",1,gabriel,paulena,Homem
"panda, dhruba c.",1,dhruba,panda,Homem
"pal, amrindra",1,amrindra,pal,Homem
"pandey, ganga prasad",1,ganga,pandey,Mulher
"pandey, sujata",1,sujata,pandey,Mulher
"paiva, rodrigo r.",1,rodrigo,paiva,Homem
"paiva, raul d.",1,raul,paiva,Homem
"paiva, marcelo c.",1,marcelo,paiva,Homem
"rezvani, mohammad",1,mohammad,rezvani,Homem
"Padmavathy, A. P.",1,A,padmavathy,Mulher
"packiaraj, d.",1,d.,packiaraj,Homem
"pantoja, juan p.",1,juan,pantoja,Homem
"pantoja, ramon v. m. p.",1,ramon,pantoja,Homem
"olufeagba, benjamin j.",1,benjamin,olufeagba,Homem
"paolo, franco di",1,franco,paolo,Homem
"ouvrier-buffet, mathilda",1,mathilda,ouvrier-buffet,Mulher
"ortiz, luilly a. g.",1,luilly,ortiz,Homem
"ortega p., abraham e.",1,abraham,ortega p.,Homem
"orofino, gabriel b. a.",1,gabriel,orofino,Homem
"orlando, marcos t. d.",1,marcos,orlando,Homem
"oraizi, homayoon",1,homayoon,oraizi,Homem
"paradisi, alberto",1,alberto,paradisi,Homem
"parida, rajeev k.",1,rajeev,parida,Homem
"parvez, adil",1,adil,parvez,Homem
"passi, davide",1,davide,passi,Homem
"passos, rafaela real",1,rafaela,passos,Mulher
"olurotimi, elijah .o.",1,elijah,olurotimi,Homem
"ozcariz, aritz",1,aritz,ozcariz,Homem
"pinho, pedro",1,pedro,pinho,Homem
"Olaimat, Melad M.",1,Melad,olaimat,Homem
"pinna, paula a.",1,paula,pinna,Mulher
"pinto, mauro s. silva",1,mauro,pinto,Homem
"okamoto, danielle",1,danielle,okamoto,Mulher
"pinto, simone s.",1,simone,pinto,Mulher
"ojo, joseph. s.",1,joseph,ojo,Homem
"obiyemi, obiseye.o.",1,obiseyeo,obiyemi,Homem
"nwajana, augustine o.",1,augustine,nwajana,Mulher
"pires, g.f.m.",1,gfm,pires,Homem
"nunoo, solomon",1,solomon,nunoo,Homem
"nunes, sidney o.",1,sidney,nunes,Homem
"oliveira, jose m. a. m. de",1,jose,oliveira,Homem
"nono, daniel a.",1,daniel,nono,Homem
"nogueira, jose danilo da silva",1,jose,nogueira,Homem
"nogueira, antonio flavio licariao",1,antonio,nogueira,Homem
"nobre, isabela m.",1,isabela,nobre,Mulher
"nikolaev, alexey v.",1,alexey,nikolaev,Homem
"poignard, clair",1,clair,poignard,Mulher
"polasek, alexander",1,alexander,polasek,Homem
"nigam, padmini",1,padmini,nigam,Mulher
"nicolini, julio l.",1,julio,nicolini,Homem
"nicolini junior, ademir carlos",1,ademir,nicolini junior,Homem
"ngoc, tran bao",1,tran,ngoc,Mulher
"portela, gianni",1,gianni,portela,Mulher
"portela, thiago f.",1,thiago,portela,Homem
"nono, maria c. a.",1,maria,nono,Mulher
"oliveira, jose edimar barbosa",1,jose,oliveira,Homem
"oliveira, joao bosco l.",1,joao,oliveira,Homem
"pereira, leandro de paula santos",1,leandro,pereira,Homem
"pereira, lucas s.",1,lucas,pereira,Homem
"pereira, luiz a. m.",1,luiz,pereira,Homem
"pereira, paulo t.",1,paulo,pereira,Homem
"pereira, vinicius m.",1,vinicius,pereira,Homem
"pereyra, luciana",1,luciana,pereyra,Mulher
"peron, victor",1,victor,peron,Homem
"oliveira, fernando j.",1,fernando,oliveira,Homem
"oliveira, fernanda mantuan dala rosa de",1,fernanda,oliveira,Mulher
"perrone, guido",1,guido,perrone,Homem
"pinheiro, marcio r.",1,marcio,pinheiro,Homem
"peterle, augusto c. f.",1,augusto,peterle,Homem
"oliveira, diogo b.",1,diogo,oliveira,Homem
"piccard, jean",1,jean,piccard,Homem
"oliveira, cristiano",1,cristiano,oliveira,Homem
"oliveira, ana paula s.",1,ana,oliveira,Mulher
"pimenta, tales c.",1,tales,pimenta,Homem
"oliveira, amanda maria domingos de",1,amanda,oliveira,Mulher
"oliveira, alexandre m. de",1,alexandre,oliveira,Homem
"oliveira junior, jose josemar de",1,jose,oliveira junior,Homem
"pina, marcus v. p.",1,marcus,pina,Homem
"pinheiro, fred sizenando rossiter",1,fred,pinheiro,Homem
"pinheiro, jonathan p. p.",1,jonathan,pinheiro,Homem
"oliveira, elder e. carneiro de",1,elder,oliveira,Homem
"thaler, juliana",1,juliana,thaler,Mulher
"tewary, tapas",1,tapas,tewary,Homem
"terhzaz, jaouad",1,jaouad,terhzaz,Homem
"telia, azzedine",1,azzedine,telia,Homem
"tekin, ahmet",1,ahmet,tekin,Homem
"teixeira, andre f.",1,andre,teixeira,Homem
"tavares, sergio",1,sergio,tavares,Homem
"tatu, serioja ovidiu",1,serioja,tatu,Homem
"moreira neto, joao r.",1,joao,moreira neto,Homem
"tami, diego",1,diego,tami,Homem
"tacuri, alexander b. hilario",1,alexander,tacuri,Homem
"sungulo, gokce h.",1,gokce,sungulo,Mulher
"sun, fukun",1,fukun,sun,Homem
"sukanesh, ramasamy",1,ramasamy,sukanesh,Homem
"suganthi, sellakkutti",1,sellakkutti,suganthi,Mulher
"subbarao, akkala",1,akkala,subbarao,Homem
"stevan junior, sergio luiz",1,sergio,stevan junior,Homem
"tarrago, vinicius l.",1,vinicius,tarrago,Homem
"tripathi, vijay s.",1,vijay,tripathi,Homem
"treviso, felipe",1,felipe,treviso,Homem
"travessa, sheila s.",1,sheila,travessa,Mulher
"travassos, xisto l.",1,xisto,travassos,Homem
"trabelsi, hichem",1,hichem,trabelsi,Homem
"touhami, naima amar",1,naima,touhami,Mulher
"tostes, maria e.l.",1,maria,tostes,Mulher
"tosi, daniele",1,daniele,tosi,Mulher
"thang, do tran quang",1,do,thang,Mulher
"tomar, sanjiv",1,sanjiv,tomar,Homem
"tobar, carlos m. t.",1,carlos,tobar,Homem
"tiwary, anjini kumar",1,anjini,tiwary,Homem
"tiwari, rakesh n.",1,rakesh,tiwari,Homem
"tiwari, arpita",1,arpita,tiwari,Mulher
"tinoco-s., alexis f.",1,alexis,tinoco-s.,Homem
"Tinoco Salazar, Alexis F.",1,Alexis,tinoco salazar,Homem
"timofeevsky, a.v.",1,av,timofeevsky,Homem
"tomaz, arnobio",1,arnobio,tomaz,Homem
"souza, celso l. de",1,celso,souza,Homem
"souza, adelcio m.",1,adelcio,souza,Homem
"souza reis, guilherme h.",1,guilherme,souza reis,Homem
"souto, jose a. garcia",1,jose,souto,Homem
"souto, gabriel a.",1,gabriel,souto,Homem
"souto, diego v.",1,diego,souto,Homem
"souto, anderson v. f.",1,anderson,souto,Homem
"sousa, matheus e. t.",1,matheus,sousa,Homem
"staudt, tiago",1,tiago,staudt,Homem
"sousa, marco j. de",1,marco,sousa,Homem
"sousa, kleiton morais",1,kleiton,sousa,Homem
"sousa junior, vicente a. de",1,vicente,sousa junior,Homem
"solunke, yogesh",1,yogesh,solunke,Homem
"socorro-leranoz, abian b.",1,abian,socorro-leranoz,Homem
"soares, willian s. l.",1,willian,soares,Homem
"soares, norton escopelli",1,norton,soares,Homem
"soares, antonio jose martins",1,antonio,soares,Homem
"sousa, matheus c. de",1,matheus,sousa,Homem
"srivastava, shweta",1,shweta,srivastava,Mulher
"sriram, bonda m. s.",1,bonda,sriram,Mulher
"srilatha, kantammeni",1,kantammeni,srilatha,Mulher
"srikant, itapu",1,itapu,srikant,Homem
"sreenivasulu, kilari",1,kilari,sreenivasulu,Homem
"spataro, bruno",1,bruno,spataro,Homem
"spagolla, amanda",1,amanda,spagolla,Mulher
"souza, washington c.b.",1,washington,souza,Homem
"souza, daniel da s.",1,daniel,souza,Homem
"souza, sergio r. o de",1,sergio,souza,Homem
"souza, romildo henrique de",1,romildo,souza,Homem
"souza, remo m. de",1,remo,souza,Homem
"souza, nadson welkson pereira de",1,nadson,souza,Homem
"souza, marcio f. a de",1,marcio,souza,Homem
"souza, leticia c.",1,leticia,souza,Mulher
"souza, joao f.",1,joao,souza,Homem
"souza, igor l. gomes de",1,igor,souza,Homem
"souza, francisco ary alves de",1,francisco,souza,Homem
"souza, vanessa p. r. magri",1,vanessa,souza,Mulher
"Filgueiras, Hyperion R. D.",1,Hyperion,Filgueiras,Indefinido
"Fernandes, Luiz Otavio T.",1,Luiz,Fernandes,Homem
"Feler, Leonardo A.",1,Leonardo,Feler,Homem
"Dias, Sérgio P.",1,Sérgio,Dias,Homem
"David, Rodrigo P.",1,Rodrigo,David,Homem
"tripathy, malay ranjan",1,malay,tripathy,Homem
"Costa, André L. A.",1,André,Costa,Homem
"Correa, Diego A. P.",1,Diego,Correa,Homem
"Cardoso, Paulo P. G.",1,Paulo,Cardoso,Homem
"xuan, yanglu",1,yanglu,xuan,Homem
"xu, xinhe",1,xinhe,xu,Homem
"xu, jiadong",1,jiadong,xu,Homem
"xavier, andre v. s.",1,andre,xavier,Homem
"wu, yi-xuan",1,yi-xuan,wu,Homem
"Darwish, Abdulrahman",1,Abdulrahman,Darwish,Homem
"yuan, xin-an",1,xin-an,yuan,Homem
"yu, yanzhong",1,yanzhong,yu,Homem
"You, Kok Yeow",1,Kok,you,Homem
"yoshimoto, eduardo",1,eduardo,yoshimoto,Homem
"yimin, zhang",1,zhang,yimin,Homem
"yepes, indira s. v.",1,indira,yepes,Mulher
"yeo, kenneth s. k.",1,kenneth,yeo,Homem
"Granada, Marco",1,Marco,Granada,Homem
"yaoliang, song",1,song,yaoliang,Homem
"yang, zhen",1,zhen,yang,Homem
"yamasaki, fernanda s.",1,fernanda,yamasaki,Mulher
"yahya, salah i.",1,salah,yahya,Homem
"yagoub, mustapha c. e.",1,mustapha,yagoub,Homem
"Assis, Rodrigo R. de",1,Rodrigo,Assis,Homem
"Campici, Priscilla P. F.",1,Priscilla,Campici,Mulher
"Hadalgi, Prabhakar M.",1,Prabhakar,Hadalgi,Homem
"yasser, hassan a.",1,hassan,yasser,Homem
"viana, jairon",1,jairon,viana,Homem
"verma, priyanka",1,priyanka,verma,Mulher
"vergara, diego edisson f.",1,diego,vergara,Homem
"vasconcelos, joao antonio de",1,joao,vasconcelos,Homem
"vargas, jose o.",1,jose,vargas,Homem
"validi, masoom",1,masoom,validi,Mulher
"vale, joao f. c.",1,joao,vale,Homem
"vakula, damera",1,damera,vakula,Mulher
"wu, wen",1,wen,wu,Homem
"v. netto, gabriel p. m.",1,gabriel,v. netto,Homem
"v, mekaladevi",1,mekaladevi,v,Mulher
"utkarsh,",1,,utkarsh,Homem
"upadhyay, raksha",1,raksha,upadhyay,Mulher
"upadhyay, gaurav",1,gaurav,upadhyay,Homem
"ullah, naveed",1,naveed,ullah,Homem
"turajlic, emir",1,emir,turajlic,Homem
"tubail, deeb",1,deeb,tubail,Homem
"vagananthan, barrathy",1,barrathy,vagananthan,Mulher
"winter, rosangela",1,rosangela,winter,Mulher
"wilkens, jarmo t.",1,jarmo,wilkens,Homem
"werneck, marcelo m.",1,marcelo,werneck,Homem
"wendhausen, paulo a. p.",1,paulo,wendhausen,Homem
"weinzierl, djonny",1,djonny,weinzierl,Homem
"wee, fwen h.",1,fwen,wee,Mulher
"weber, guilherme heim",1,guilherme,weber,Homem
"wang, zhonghan",1,zhonghan,wang,Homem
"vicentini, ricardo m.",1,ricardo,vicentini,Homem
"wang, ren",1,ren,wang,Homem
"wakrim, laila",1,laila,wakrim,Mulher
"waghmare, madhavi",1,madhavi,waghmare,Mulher
"vogel, martin",1,martin,vogel,Homem
"villanueva, uwe r.",1,uwe,villanueva,Homem
"vilela-leao, luis h.",1,luis,vilela-leao,Homem
"vieira, rafael fogarolli",1,rafael,vieira,Homem
"vieira, marcos stefanelli",1,marcos,vieira,Homem
"vieira, luana da franca",1,luana,vieira,Mulher
"wang, yujuan",1,yujuan,wang,Mulher
"santana, ewaldo e. c.",1,ewaldo,santana,Homem
"santana, adamo l. de",1,adamo,santana,Homem
"sanchez, angel mediavilla",1,angel,sanchez,Homem
"sanches, bruno c. de s.",1,bruno,sanches,Homem
"sampaio neto, raimundo",1,raimundo,sampaio neto,Homem
"salman, hawraa h.",1,hawraa,salman,Mulher
"salles, mauricio b. c.",1,mauricio,salles,Homem
"salles, evandro ottoni teatini",1,evandro,salles,Homem
"skaik, talal",1,talal,skaik,Homem
"saldanha, rodney r.",1,rodney,saldanha,Homem
"salazar, angel",1,angel,salazar,Homem
"salah-belkhodja, faouzi",1,faouzi,salah-belkhodja,Homem
"saih, mohamed",1,mohamed,saih,Homem
"sahu, amit k.",1,amit,sahu,Homem
"sahoo, amiya bhusana",1,amiya,sahoo,Mulher
"sahinturk, hulya",1,hulya,sahinturk,Mulher
"sagne, dipika",1,dipika,sagne,Mulher
"sales, a.j.m.",1,ajm,sales,Homem
"sarkar, debasree",1,debasree,sarkar,Mulher
"sarhan, alaaeddin",1,alaaeddin,sarhan,Homem
"sardi, azzeddine",1,azzeddine,sardi,Homem
"santos, tiago p.",1,tiago,santos,Homem
"santos, renan s.",1,renan,santos,Homem
"santos, renan g. m. dos",1,renan,santos,Homem
"santos, polyane a.",1,polyane,santos,Mulher
"santos, marilia g. a. r.",1,marilia,santos,Mulher
"santana, gisele a.",1,gisele,santana,Mulher
"santos, maraiza prescila dos",1,maraiza,santos,Mulher
"santos, einstein g. dos",1,einstein,santos,Homem
"santos, edson tafeli carneiro dos",1,edson,santos,Homem
"santos, carlos m.",1,carlos,santos,Homem
"santos, andrea l.",1,andrea,santos,Mulher
"santos junior, mario. a.",1,mario,santos junior,Homem
"santolin, edson antonio",1,edson,santolin,Homem
"santos, maria renata nascimento dos",1,maria,santos,Mulher
"rodrigues, herbert o.",1,herbert,rodrigues,Homem
"rodrigues, aline c.",1,aline,rodrigues,Mulher
"rocha, monica de lacerda",1,monica,rocha,Mulher
"rocha, luis m. m.",1,luis,rocha,Homem
"rocha, alexandre",1,alexandre,rocha,Homem
"rizo, francisco m.",1,francisco,rizo,Homem
"riouch, fatima",1,fatima,riouch,Mulher
"ribeiro, napoleao s.",1,napoleao,ribeiro,Homem
"safa, zaakri",1,zaakri,safa,Homem
"ribeiro, luisa f.",1,luisa,ribeiro,Mulher
"ribeiro, leonardo g.",1,leonardo,ribeiro,Homem
"ribeiro, gustavo c.",1,gustavo,ribeiro,Homem
"ribeiro, fabio f.",1,fabio,ribeiro,Homem
"ribeiro, eduardo parente",1,eduardo,ribeiro,Homem
"rialto junior, pericles valera",1,pericles,rialto junior,Homem
"rhbanou, ahmed",1,ahmed,rhbanou,Homem
"ribeiro, moises r. n.",1,moises,ribeiro,Homem
"saeed, thamir r.",1,thamir,saeed,Homem
"sabbane, mohamed",1,mohamed,sabbane,Homem
"s. sobrinho, carlos leonidas da s.",1,carlos,s. sobrinho,Homem
"rozental, valery n.",1,valery,rozental,Mulher
"roy, jibendu sekhar",1,jibendu,roy,Homem
"roy, avisankar",1,avisankar,roy,Homem
"roy, apratim",1,apratim,roy,Homem
"rouijaa, hicham",1,hicham,rouijaa,Homem
"rodrigues, joseph x.",1,joseph,rodrigues,Homem
"rossi, sandro marcelo",1,sandro,rossi,Homem
"rossi, jose o.",1,jose,rossi,Homem
"rosolem, joao batista",1,joao,rosolem,Homem
"rodriguez, sebastian",1,sebastian,rodriguez,Homem
"Rodriguez R., Carlos V.",1,Carlos,rodriguez,Homem
"rodrigues, valdi a.",1,valdi,rodrigues,Homem
"rodrigues, roberto m.",1,roberto,rodrigues,Homem
"rodrigues, josiane",1,josiane,rodrigues,Mulher
"rosso, tommaso del",1,tommaso,rosso,Homem
"silva, raphaella luiza resende da",1,raphaella,silva,Mulher
"silva, pedro a. da",1,pedro,silva,Homem
"silva, marianne s. p. e",1,marianne,silva,Mulher
"silva, marco j.",1,marco,silva,Homem
"silva, marcelo molina",1,marcelo,silva,Homem
"silva, ketyllen c.",1,ketyllen,silva,Mulher
"silva, indiara p. c. da",1,indiara,silva,Mulher
"silva, hugo v. l.",1,hugo,silva,Homem
"sarkar, partha pratim",1,partha,sarkar,Homem
"silva, ernane",1,ernane,silva,Homem
"silva, elson j.",1,elson,silva,Homem
"silva, eduardo costa da",1,eduardo,silva,Homem
"silva, edson p.",1,edson,silva,Homem
"silva, denivaldo p. da",1,denivaldo,silva,Homem
"silva, andre n. da",1,andre,silva,Homem
"silva, allamys a. dias da",1,allamys,silva,Homem
"silva, adonias luna pereira da",1,adonias,silva,Homem
"silva, gutembergue soares da",1,gutembergue,silva,Homem
"sisnando, anderson dourado",1,anderson,sisnando,Homem
"singhal, dristi",1,dristi,singhal,Mulher
"singh, vinyas k.",1,vinyas,singh,Homem
"singh, shreyanshi",1,shreyanshi,singh,Mulher
"singh, anil kumar",1,anil,singh,Homem
"simruni, mojtaba",1,mojtaba,simruni,Homem
"simonetti, domingos s. l.",1,domingos,simonetti,Homem
"silveira, tagleorge m.",1,tagleorge,silveira,Homem
"silva, rosnaldo",1,rosnaldo,silva,Homem
"silveira, eduardo s.",1,eduardo,silveira,Homem
"silva, walter junior",1,walter,silva,Homem
"silva, waleska f.",1,waleska,silva,Mulher
"Silva, Wanderlei Marinho da",1,Wanderlei,silva,Homem
"silva, viviane cristine",1,viviane,silva,Mulher
"silva, valdirene aparecida da",1,valdirene,silva,Mulher
"silva, tercio de lima",1,tercio,silva,Homem
"silva, sergio a.",1,sergio,silva,Homem
"silva, samuel n. n.",1,samuel,silva,Homem
"silveira, marilia a. da",1,marilia,silveira,Mulher
"senhorini, kathy c. c. o.",1,kathy,senhorini,Mulher
"seng, sim man",1,sim,seng,Mulher
"sena, francisco c. b. de",1,francisco,sena,Homem
"sena, anderson j. c.",1,anderson,sena,Homem
"seko, murilo h.",1,murilo,seko,Homem
"Silva Segundo, Francisco Carlos G. da",1,Francisco,segundo,Homem
"segundo, adriano paranhos",1,adriano,segundo,Homem
"seddik, bri",1,bri,seddik,Mulher
"scotti, filippo",1,filippo,scotti,Homem
"schroeder, marco a. o.",1,marco,schroeder,Homem
"scharoch, pawel",1,pawel,scharoch,Homem
"schamiloglu, edl",1,edl,schamiloglu,Homem
"scandian, lorenzo b.",1,lorenzo,scandian,Homem
"saxena, janhavi",1,janhavi,saxena,Mulher
"sass, felipe",1,felipe,sass,Homem
"sarkar, subir kumar",1,subir,sarkar,Homem
"scroccaro, mathias",1,mathias,scroccaro,Homem
"Silva Neto, Jose Luiz da",1,Jose,silva neto,Homem
"silva neto, domingos t. da",1,domingos,silva neto,Homem
"silva junior, valdemir m. da",1,valdemir,silva junior,Homem
"silva junior, paulo f.",1,paulo,silva junior,Homem
"silva junior, isau de sousa",1,isau,silva junior,Homem
"silva junior, elias a.",1,elias,silva junior,Homem
"siabah, fatima zohra",1,fatima,siabah,Mulher
"shinghal, kshitij",1,kshitij,shinghal,Homem
"serrano, ariana l. c.",1,ariana,serrano,Mulher
"sharma, arvind",1,arvind,sharma,Homem
"sharma, anupamdeep",1,anupamdeep,sharma,Homem
"sharma, amar",1,amar,sharma,Homem
"sharan, lucky",1,lucky,sharan,Homem
"shama, farzin",1,farzin,shama,Homem
"sguarezi, alfeu j.",1,alfeu,sguarezi,Homem
"sghaier, nizar",1,nizar,sghaier,Homem
"severo, sergio l. s.",1,sergio,severo,Homem
"serres, georgina k. f.",1,georgina,serres,Mulher
"sharma, sandeep",1,sandeep,sharma,Homem
"cantanhede, gabriel m.",1,gabriel,cantanhede,Homem
"cani, shirley",1,shirley,cani,Mulher
"canabarro, maiquel s.",1,maiquel,canabarro,Homem
"campos, deibnasser c.",1,deibnasser,campos,Homem
"camporez, higor",1,higor,camporez,Homem
"camilo filho, saulo souto",1,saulo,camilo filho,Homem
"camargo, elisa s.",1,elisa,camargo,Mulher
"camacho, jose r.",1,jose,camacho,Homem
"m, nirmala devi",1,nirmala,m,Mulher
"Cavalcanti, Gustavo Oliveira",1,Gustavo,calvalcanti,Homem
"cabral, matheus",1,matheus,cabral,Homem
"cabral, david s.",1,david,cabral,Homem
"c. k., ramesha",1,ramesha,c. k.,Mulher
"c. junior, luiz c.",1,luiz,c. junior,Homem
"c. junior, everaldo faustino da",1,everaldo,c. junior,Homem
"burte, edmund p.",1,edmund,burte,Homem
"buret, francois",1,francois,buret,Homem
"bulla, giovani",1,giovani,bulla,Homem
"camacho, daniel",1,daniel,camacho,Homem
"cavalcante, andre m.",1,andre,cavalcante,Homem
"cataldo, edson",1,edson,cataldo,Homem
"castro, wagner",1,wagner,castro,Homem
"castro, pedro j.",1,pedro,castro,Homem
"castor, leonardo r. m.",1,leonardo,castor,Homem
"castellanos, pedro v.g.",1,pedro,castellanos,Homem
"castaldo, fernando c.",1,fernando,castaldo,Homem
"cassiano, marta m.",1,marta,cassiano,Mulher
"cao, qunsheng",1,qunsheng,cao,Homem
"carvalho, rafaela g. g. de",1,rafaela,carvalho,Mulher
"carvalho, luis h. h.",1,luis,carvalho,Homem
"carvalho, joabson n.",1,joabson,carvalho,Homem
"carvalho, cesar c.",1,cesar,carvalho,Homem
"carvalho, andre a. p. de",1,andre,carvalho,Homem
"cartaxo, adolfo v. t.",1,adolfo,cartaxo,Homem
"carneiro, priscilla kadja p. de m.",1,priscilla,carneiro,Mulher
"carneiro, oziel de o.",1,oziel,carneiro,Homem
"cardia, daniel v. f.",1,daniel,cardia,Homem
"carvalho, renan v. b.",1,renan,carvalho,Homem
"borba, bruno s. m. c.",1,bruno,borba,Homem
"bonfim, marlio",1,marlio,bonfim,Homem
"bonfigli, francesca",1,francesca,bonfigli,Mulher
"bonani, luiz henrique",1,luiz,bonani,Homem
"bogoni, antonella",1,antonella,bogoni,Mulher
"boaventura, lucas p.",1,lucas,boaventura,Homem
"boas, e. c. vilas",1,vilas,boas,Homem
"boada, diego f. m.",1,diego,boada,Homem
"bulashenko, oleksandr",1,oleksandr,bulashenko,Homem
"birwal, amit",1,amit,birwal,Homem
"bicalho, fabiano s.",1,fabiano,bicalho,Homem
"biazoli, claudecir r.",1,claudecir,biazoli,Homem
"bhunia, sunandan",1,sunandan,bhunia,Homem
"bhatt, uma rathore",1,uma,bhatt,Mulher
"bezerra, tiago dos santos",1,tiago,bezerra,Homem
"bernard, laurent d.",1,laurent,bernard,Homem
"berhab, souad",1,souad,berhab,Mulher
"biswas, sushanta",1,sushanta,biswas,Homem
"bulashenko, andrew",1,andrew,bulashenko,Homem
"brito, leonardo da cunha",1,leonardo,brito,Homem
"brito, larissa da silva",1,larissa,brito,Mulher
"brenna, emanuele",1,emanuele,brenna,Mulher
"breard, arnaud",1,arnaud,breard,Homem
"Braz, Joao A.C.",1,Joao,braz,Homem
"braz, erico cadineli",1,erico,braz,Homem
"brandao, ana karine d. c.",1,ana,brandao,Mulher
"braga, rafael m.s.",1,rafael,braga,Homem
"Bordonalli, Aldario C.",1,Aldario,bordonalli,Homem
"boutana, ilhem",1,ilhem,boutana,Mulher
"boudinar, ahmed h.",1,ahmed,boudinar,Homem
"bouchouirbat, marouane",1,marouane,bouchouirbat,Homem
"bouarroudj, emir",1,emir,bouarroudj,Homem
"bortolucci, emilio",1,emilio,bortolucci,Homem
"borges, ramon m.",1,ramon,borges,Homem
"borges, luiz e. p.",1,luiz,borges,Homem
"borges, gilvan s.",1,gilvan,borges,Homem
"boutayeb, halim",1,halim,boutayeb,Homem
"diakite, souleymane",1,souleymane,diakite,Homem
"dhote, chandresh",1,chandresh,dhote,Homem
"devapriya, amalraj taksala",1,amalraj,devapriya,Mulher
"deshmukh, sanjay b.",1,sanjay,deshmukh,Homem
"deschamps, cesar j.",1,cesar,deschamps,Homem
"descardeci, j.r.",1,jr,descardeci,Homem
"deen, hasan k. al",1,hasan,deen,Homem
"dedovic, maja muftic",1,maja,dedovic,Mulher
"cavalcante, gustavo a.",1,gustavo,cavalcante,Homem
"de miranda, caio m.",1,caio,de miranda,Homem
"de medeiros, luiz h. a.",1,luiz,de medeiros,Homem
"de blasi, serge",1,serge,de blasi,Homem
"de almeida, jose f. s.",1,jose,de almeida,Homem
"das, santanu",1,santanu,das,Homem
"dartora, cesar a.",1,cesar,dartora,Homem
"dantas, emmanuel r. m.",1,emmanuel,dantas,Homem
"dalcin, jean c. b.",1,jean,dalcin,Homem
"debab, mohamed",1,mohamed,debab,Homem
"el faylali, hanan",1,hanan,el faylali,Mulher
"el amri, abdelkebir",1,abdelkebir,el amri,Homem
"ekhteraei, milad",1,milad,ekhteraei,Homem
"dwari, santanu",1,santanu,dwari,Homem
"dular, patrick",1,patrick,dular,Homem
"duarte, ulysses r.",1,ulysses,duarte,Homem
"duarte, bryan da s.",1,bryan,duarte,Homem
"duarte, aline g. t.",1,aline,duarte,Mulher
"drysdale, timothy d.",1,timothy,drysdale,Homem
"dinarte, henrique a.",1,henrique,dinarte,Homem
"Dos Santos, Alexandre Bessa",1,Alexandre,dos santos,Homem
"doria, renan t.",1,renan,doria,Homem
"donati, bruno ferraz",1,bruno,donati,Homem
"domingues, fernando",1,fernando,domingues,Homem
"Dokonal, Luiz V.",1,Luiz,dokonal,Homem
"dip, gustavo maciulis",1,gustavo,dip,Homem
"diniz, j.a.",1,ja,diniz,Homem
"diniz, andre b. de f.",1,andre,diniz,Homem
"dos santos, renan g. m.",1,renan,dos santos,Homem
"correa, diego c.",1,diego,correa,Homem
"corotti junior, raquel de paiva",1,raquel,corotti junior,Mulher
"cordeiro, cristiano m. b.",1,cristiano,cordeiro,Homem
"coradin, francelli k.",1,francelli,coradin,Mulher
"coppoli, eduardo h. r.",1,eduardo,coppoli,Homem
"colen, guilherme r.",1,guilherme,colen,Homem
"chung, cheng-hsiao",1,cheng-hsiao,chung,Homem
"chuma, euclides l.",1,euclides,chuma,Homem
"choutri, hassina",1,hassina,choutri,Mulher
"dainkeh, amadu",1,amadu,dainkeh,Homem
"chien, chien-hui",1,chien-hui,chien,Mulher
"chebbara, fouad",1,fouad,chebbara,Homem
"chaubey, vinod kumar",1,vinod,chaubey,Homem
"chaturvedi, sandeep",1,sandeep,chaturvedi,Homem
"cevidanes, nelson a.",1,nelson,cevidanes,Homem
"celino, daniel r.",1,daniel,celino,Homem
"cavalcanti, bruno j.",1,bruno,cavalcanti,Homem
"cavalcanti filho, pedro h. b.",1,pedro,cavalcanti filho,Homem
"chirapo, karlos a. c.",1,karlos,chirapo,Homem
"da silva, wellington g.",1,wellington,da silva,Homem
"da silva, paulo c. l.",1,paulo,da silva,Homem
"da silva, leonardo m.",1,leonardo,da silva,Homem
"da silva, isaac b. t.",1,isaac,da silva,Homem
"da costa, igor f.",1,igor,da costa,Homem
"cunha, wendria",1,wendria,cunha,Mulher
"cunha, matheus s. b.",1,matheus,cunha,Homem
"cruz, josiel do nascimento",1,josiel,cruz,Homem
"cruz junior, jose helio da",1,jose,cruz junior,Homem
"corsato, cecilia maia",1,cecilia,corsato,Mulher
"coutinho, olympio lucchini",1,olympio,coutinho,Homem
"Coutinho, Marcelo S.",1,Marcelo,coutinho,Homem
"coutinho, bruno c.",1,bruno,coutinho,Homem
"costalonga, tiago o.",1,tiago,costalonga,Homem
"costa, wesley",1,wesley,costa,Homem
"costa, igor brutkowski vieira da",1,igor,costa,Homem
"costa, felipe m. da",1,felipe,costa,Homem
"corte, vinicius dalla",1,vinicius,corte,Homem
"cozzolino, klaus",1,klaus,cozzolino,Homem
"aissaoui, chafika",1,chafika,aissaoui,Mulher
"ain, qurratul",1,qurratul,ain,Mulher
"aimer, fethi a.",1,fethi,aimer,Homem
"ahmed, muhammad mansoor",1,muhammad,ahmed,Homem
"aguiar, antonio francisco",1,antonio,aguiar,Homem
"agrawal, vaibhav madangopal",1,vaibhav,agrawal,Homem
"agrawal, tanvi",1,tanvi,agrawal,Mulher
"agrawal, alkesh",1,alkesh,agrawal,Homem
"bentes, robson c.",1,robson,bentes,Homem
"aggarwal, ishita",1,ishita,aggarwal,Mulher
"agarwal, samarth",1,samarth,agarwal,Homem
"africano, maria",1,maria,africano,Mulher
"Afonso, Marcio Matias",1,Marcio,afonso,Homem
"adriano, ricardo l. da s	",1,Ricardo,adriano,Homem
"adriano, ricardo l. da s.",1,Ricardo,adriano,Homem
"adekola, sulaiman adeniyi",1,sulaiman,adekola,Homem
"aghamohamadi, fatemeh",1,fatemeh,aghamohamadi,Mulher
"almeida, igor",1,igor,almeida,Homem
"almeida neto, manoel alves de",1,manoel,almeida neto,Homem
"Almeida-Junior, Raul C. A.",1,Raul,almeida junior,Homem
"almeida filho, valdez a.",1,valdez,almeida filho,Homem
"alkhoder, assal",1,assal,alkhoder,Mulher
"alkhoder junior, assal",1,assal,alkhoder junior,Mulher
"alihodzic, ajdin",1,ajdin,alihodzic,Homem
"ali, firas m.",1,firas,ali,Homem
"akama, constant",1,constant,akama,Homem
"alencar, marcelo s.",1,marcelo,alencar,Homem
"albuquerque, camila caroline rodrigues de",1,camila,albuquerque,Mulher
"albuquerque, bruno lima cavalcanti de",1,bruno,albuquerque,Homem
"albik, moutaz",1,moutaz,albik,Homem
"al-muifraje, mahmuod h.",1,mahmuod,al-muifraje,Homem
"al sharkawy, mohamed",1,mohamed,al sharkawy,Homem
"akinaga, thiago",1,thiago,akinaga,Homem
"akamine, cristiano",1,cristiano,akamine,Homem
"alfaia, rodrigo d.",1,rodrigo,alfaia,Homem
"Kurtadikar, Madhukar L.",1,Madhukar,Kurtadikar,Homem
"Kudaka, Alberto S.",1,Alberto,Kudaka,Homem
"Kaufmann, Pierre",1,Pierre,Kaufmann,Homem
"Jeyachitra, Rajamani K.",1,Rajamani,Jeyachitra,Mulher
"zoccal, leonardo b.",1,leonardo,zoccal,Homem
"zhu, suming",1,suming,zhu,Homem
"zhu, huangqiu",1,huangqiu,zhu,Homem
"zhao, shipeng",1,shipeng,zhao,Homem
"acedo, pablo",1,pablo,acedo,Homem
"zhang, fushun",1,fushun,zhang,Homem
"zhang, chengguang",1,chengguang,zhang,Homem
"zavvari, mahdi",1,mahdi,zavvari,Homem
"zanini, braian k.",1,braian,zanini,Homem
"zakia, maria beny",1,maria,zakia,Mulher
"zaharis, zaharias d.",1,zaharias,zaharis,Homem
"yadav, manish varun",1,manish,yadav,Homem
"yugue, eduardo s.",1,eduardo,yugue,Homem
"yusuf, abdulrahman a.",1,abdulrahman,yusuf,Homem
"zhang, yue p.",1,yue,zhang,Mulher
"acatauassu, diogo",1,diogo,acatauassu,Homem
"abdulrahman, yusuf a. y.",1,yusuf,abdulrahman,Homem
"abdellaoui, l .el",1,el,abdellaoui,Homem
"abdalla junior, humberto",1,humberto,abdalla junior,Homem
"abd, haider j.",1,haider,abd,Mulher
"abbade, marcelo l. f.",1,marcelo,abbade,Homem
"Stefanini, Gustavo",1,Gustavo,Stefanini,Homem
"Silva, Maxwell L.",1,Maxwell,Silva,Homem
"Lee, Ki-Young",1,Ki-Young,Lee,Homem
"Schlegel, Jean P.",1,Jean,Schlegel,Homem
"Salazar, Alexis F. T.",1,Alexis,Salazar,Homem
"Rafaoui, Abdelaali",1,Abdelaali,Rafaoui,Homem
"Perin, Jaison Paulo Kerber",1,Jaison,Perin,Homem
"Mishra, Binod Kumar",1,Binod,Mishra,Homem
"Marun, Adolfo",1,Adolfo,Marun,Homem
"Lu, Ru-Chao",1,Ru-Chao,Lu,Homem
"Lima, Fabrício F.",1,Fabrício,Lima,Homem
"Leite, Rômulo C.",1,Rômulo,Leite,Homem
"Silva, Ana Maria P. A. da",1,Ana,Silva,Mulher
"barreto, edwin l.",1,edwin,barreto,Homem
"barbudo, vitoria b.",1,vitoria,barbudo,Mulher
"Baratta, Igor",1,Igor,baratta,Homem
"barakati, s. masoud",1,masoud,barakati,Homem
"barakat, rabih",1,rabih,barakat,Homem
"banookh, amir",1,amir,banookh,Homem
"bandyopadhyay, dipan",1,dipan,bandyopadhyay,Homem
"ballesteros, omar castellanos",1,omar,ballesteros,Homem
"baldini filho, renato",1,renato,baldini filho,Homem
"baldan, mauricio r.",1,mauricio,baldan,Homem
"baggio filho, nolvi francisco",1,nolvi,baggio filho,Homem
"Babu, Badisa Anil",1,Badisa,babu,Homem
"azouzi, khaled",1,khaled,azouzi,Homem
"azevedo, rafael s.",1,rafael,azevedo,Homem
"azadkhah, mohammad reza",1,mohammad,azadkhah,Homem
"ayorinde, ayotunde",1,ayotunde,ayorinde,Homem
"bandele, jeremiah oluwatosin",1,jeremiah,bandele,Homem
"bennis, hamid",1,hamid,bennis,Homem
"benghalia, abdelmadjid",1,abdelmadjid,benghalia,Homem
"benetti, daniel",1,daniel,benetti,Homem
"bendiabdellah, azzedine",1,azzedine,bendiabdellah,Homem
"benatia, khaoula",1,khaoula,benatia,Mulher
"beltrame, anderson y.",1,anderson,beltrame,Homem
"belrhiti, lakbir",1,lakbir,belrhiti,Homem
"bellei, leandro n.",1,leandro,bellei,Homem
"belkacemi, siham",1,siham,belkacemi,Mulher
"barreto, tarcisio s.",1,tarcisio,barreto,Homem
"behtouei, mostafa",1,mostafa,behtouei,Homem
"bazzo, thiago de paula machado",1,thiago,bazzo,Homem
"baudha, sudeep",1,sudeep,baudha,Homem
"batista, yuri max vieira",1,yuri,batista,Homem
"batista, claudio garcia",1,claudio,batista,Homem
"bastida, gabriel c.",1,gabriel,bastida,Homem
"barros, vitor fernandes",1,vitor,barros,Homem
"barros, joao p. de",1,joao,barros,Homem
"barros, jannayna domingues",1,jannayna,barros,Mulher
"belich, humberto",1,humberto,belich,Homem
"andre, paulo",1,paulo,andre,Homem
"andrade-fonseca, leandro",1,leandro,andrade-fonseca,Homem
"andrade, mylenna correia de",1,mylenna,andrade,Mulher
"andrade, humberto d. de",1,humberto,andrade,Homem
"Andrade, Gabriel D. de",1,Gabriel,andrade,Homem
"andrade, filipe c. de",1,filipe,andrade,Homem
"andrade, everson p.",1,everson,andrade,Homem
"andrade, caio luminatti",1,caio,andrade,Homem
"Andrade, Cassio B. de",1,Cassio,andrade,Homem
"awale, raval n.",1,raval,awale,Homem
"ammari, halima",1,halima,ammari,Mulher
"americo, jonatas p.",1,jonatas,americo,Homem
"ambrosio, leonardo a.",1,leonardo,ambrosio,Homem
"ambekar, aarti g.",1,aarti,ambekar,Mulher
"alves, tiago m. f.",1,tiago,alves,Homem
"alves, marcelo m.",1,marcelo,alves,Homem
"altuna, jose a. t.",1,jose,altuna,Homem
"almohaimeed, ziyad",1,ziyad,almohaimeed,Homem
"amorim, lucas",1,lucas,amorim,Homem
"avila, sergio l.",1,sergio,avila,Homem
"assumpcao, fabiano c. s.",1,fabiano,assumpcao,Homem
"assis, aline r.",1,aline,assis,Mulher
"aslanyurek, birol",1,birol,aslanyurek,Homem
"ashutosh,",1,,ashutosh,Homem
"arruda, lucia valeria ramos de",1,lucia,arruda,Mulher
"arnold, francisco j.",1,francisco,arnold,Homem
"armas, luis e. g.",1,luis,armas,Homem
"angelico, bruno a.",1,bruno,angelico,Homem
"araujo, welton v.",1,welton,araujo,Homem
"araujo, josivaldo de s.",1,josivaldo,araujo,Homem
"araujo, jose bruno o. de",1,jose,araujo,Homem
"araujo, jorge a. i.",1,jorge,araujo,Homem
"araujo, jessyca i. l.",1,jessyca,araujo,Mulher
"apprey, michael wellington",1,michael,apprey,Homem
"apolinario, jose a.",1,jose,apolinario,Homem
"antreich, felix d.",1,felix,antreich,Homem
"annou, abderrahim",1,abderrahim,annou,Homem
"arma, narasimha s.n.",1,narasimha,arma,Homem
"liu, guo",1,guo,liu,Homem
"liu, cheng-yuan",1,cheng-yuan,liu,Mulher
"lima, sandro c.",1,sandro,lima,Homem
"lima, nadja j. da s.",1,nadja,lima,Mulher
"lima, karoline r.",1,karoline,lima,Mulher
"lima, jose f. de",1,jose,lima,Homem
"lima, ana paula m.",1,ana,lima,Mulher
"el mansouri, oualida",1,oualida,el mansouri,Mulher
"li, jianxiong",1,jianxiong,li,Homem
"lewicki, fryderyk",1,fryderyk,lewicki,Homem
"leto, matheus barros",1,matheus,leto,Homem
"lemos, rodrigo p.",1,rodrigo,lemos,Homem
"lemes, daniel l.",1,daniel,lemes,Homem
"leite neto, joaquim p.",1,joaquim,leite neto,Homem
"lefevre, yvan",1,yvan,lefevre,Homem
"lee, yeng s.",1,yeng,lee,Homem
"leao, pedro a. b.",1,pedro,leao,Homem
"li, ying-song",1,ying-song,li,Homem
"maccari, fernando",1,fernando,maccari,Homem
"Jain, Pradip K.",1,Pradip,Jain,Homem
"lugarini, diogo",1,diogo,lugarini,Homem
"lu, ruei-chang",1,ruei-chang,lu,Homem
"lourenco junior, ivo de",1,ivo,lourenco junior,Homem
"loureiro, alexandre j. f.",1,alexandre,loureiro,Homem
"lott neto, henrique b. d. t.",1,henrique,lott neto,Homem
"lorduy g, hector",1,hector,lorduy g,Homem
"lopes, waslon",1,waslon,lopes,Homem
"liu, li",1,li,liu,Homem
"lopes, guilhereme m.",1,guilhereme,lopes,Homem
"lopes, andreia v. r.",1,andreia,lopes,Mulher
"long, tran van",1,tran,long,Mulher
"lona, daniel g.",1,daniel,lona,Homem
"lolis, luis henrique",1,luis,lolis,Homem
"lohar, fateh lal",1,fateh,lohar,Homem
"liu, yu",1,yu,liu,Mulher
"liu, xinhong",1,xinhong,liu,Mulher
"liu, weiguo",1,weiguo,liu,Homem
"lopes, leonardo ulian",1,leonardo,lopes,Homem
"kuhn, gustavo gomes",1,gustavo,kuhn,Homem
"kost, arnulf",1,arnulf,kost,Homem
"kofuji, sergio t.",1,sergio,kofuji,Homem
"kishore, nand",1,nand,kishore,Homem
"kirov, georgi s.",1,georgi,kirov,Homem
"kim, jung-mu",1,jung-mu,kim,Homem
"khelil, khaled",1,khaled,khelil,Homem
"khanna, puneet",1,puneet,khanna,Homem
"leal, israel",1,israel,leal,Homem
"Khan, Muhammad Abdul Goffar",1,Muhammad,khan,Homem
"khalladi, mohsine",1,mohsine,khalladi,Homem
"khalil, hisham",1,hisham,khalil,Homem
"kesarwani, amit kumar",1,amit,kesarwani,Homem
"kebaili, farida.",1,farida,kebaili,Mulher
"kawakatsu, marcelo n.",1,marcelo,kawakatsu,Homem
"kaushal, vipul",1,vipul,kaushal,Homem
"kasper, joao vitor gerevini",1,joao,kasper,Homem
"kapse, vinod m.",1,vinod,kapse,Homem
"khan, zafar bedar",1,zafar,khan,Homem
"leal, adonis f. r.",1,adonis,leal,Homem
"le, joao e. g.",1,joao,le,Homem
"lazaridis, pavlos i.",1,pavlos,lazaridis,Homem
"latrach, lassaad",1,lassaad,latrach,Homem
"lahbib, zenkouar",1,zenkouar,lahbib,Homem
"lacouth, patric",1,patric,lacouth,Homem
"labbani, amel",1,amel,labbani,Mulher
"l.barbero, andres p.",1,andres,l.barbero,Homem
"kıymaz, rabia",1,rabia,kıymaz,Mulher
"kulkarni, sukanya. a.",1,sukanya,kulkarni,Mulher
"kunzler, jonas a.",1,jonas,kunzler,Homem
"kumari, sumana",1,sumana,kumari,Mulher
"kumar, uday",1,uday,kumar,Homem
"kumar, rajeev",1,rajeev,kumar,Homem
"kumar, pranaw",1,pranaw,kumar,Homem
"kumar, pramod",1,pramod,kumar,Homem
"kumar, jitendra",1,jitendra,kumar,Homem
"kumar, arun",1,arun,kumar,Homem
"kumar, ajay",1,ajay,kumar,Homem
"kushwaha, nagendra",1,nagendra,kushwaha,Homem
"milczewski, maura s.",1,maura,milczewski,Mulher
"mikuta, reinhard",1,reinhard,mikuta,Homem
"michalkiewicz, marcio l.",1,marcio,michalkiewicz,Homem
"miao, chen",1,chen,miao,Homem
"Meza, Wilyam D. T.",1,Wilyam,meza,Homem
"messaoudene, idris",1,idris,messaoudene,Homem
"mesquita, renato",1,renato,mesquita,Homem
"macedo, andreia g.",1,andreia,macedo,Mulher
"menezes, gustavo garbelini de",1,gustavo,menezes,Homem
"mendonca, halysson b.",1,halysson,mendonca,Homem
"mendes junior, jose jair alves",1,jose,mendes junior,Homem
"melo, suzanne",1,suzanne,melo,Mulher
"melo, reuber r. de",1,reuber,melo,Homem
"melo, marcilio q.",1,marcilio,melo,Homem
"mello, rafael goncalves licursi de",1,rafael,mello,Homem
"mello, darli a. a.",1,darli,mello,Homem
"mekideche, mohamed rachid",1,mohamed,mekideche,Homem
"mesquita, marcelo david s.",1,marcelo,mesquita,Homem
"moraes, fabio b. de",1,fabio,moraes,Homem
"montereali, rosa maria",1,rosa,montereali,Mulher
"monteiro sobrinho, francisco magno",1,francisco,monteiro sobrinho,Homem
"monroy, tafur",1,tafur,monroy,Homem
"molina, marcelo",1,marcelo,molina,Homem
"mohammed, olatunj o.",1,olatunj,mohammed,Homem
"mohammady, pejman",1,pejman,mohammady,Homem
"mohammadirad, mohammad",1,mohammad,mohammadirad,Homem
"mohammadifar, amir houshang",1,amir,mohammadifar,Homem
"miranda, andre m. l.",1,andre,miranda,Homem
"mizuji, ensieh g.",1,ensieh,mizuji,Mulher
"miyamoto, henrique k.",1,henrique,miyamoto,Homem
"misra, mukul",1,mukul,misra,Homem
"mishra, guru prasad",1,guru,mishra,Homem
"mishra, gajendra kant",1,gajendra,mishra,Mulher
"miranda, u. r. c. de",1,de,miranda,Homem
"miranda, rodrigo a.",1,rodrigo,miranda,Homem
"miranda, caua c.",1,caua,miranda,Homem
"Miranda, Breno B.",1,Breno,miranda,Homem
"mohamed, nasir a.",1,nasir,mohamed,Homem
"marciano, pablo",1,pablo,marciano,Homem
"manicoba, robson hebraico c.",1,robson,manicoba,Homem
"mangaraj, biswa binayak",1,biswa,mangaraj,Homem
"manfrin, stilante k.",1,stilante,manfrin,Homem
"mandal, tapan",1,tapan,mandal,Homem
"Mallikarjun, S. L.",1,S,mallikarjun,Homem
"malagoli, juliana a.",1,juliana,malagoli,Mulher
"maity, smarajit",1,smarajit,maity,Homem
"mahjour, seyed saman",1,seyed,mahjour,Homem
"mayzan, mohd zul hilmi",1,mohd,mayzan,Homem
"mahanti, gautam kumar",1,gautam,mahanti,Homem
"magno, fatima n. b.",1,fatima,magno,Mulher
"magalhaes, eduardo",1,eduardo,magalhaes,Homem
"mafra, samuel baraldi",1,samuel,mafra,Homem
"madhav, b. t. p.",1,b.,madhav,Homem
"madhan, m.ganesh",1,mganesh,madhan,Homem
"machuca, oscar f.",1,oscar,machuca,Homem
"machado, pericles l.",1,pericles,machado,Homem
"machado, gabriel g.",1,gabriel,machado,Homem
"mahdjoub, zoubir",1,zoubir,mahdjoub,Homem
"mattos, diogo m. f.",1,diogo,mattos,Homem
"mattos, daniel s.",1,daniel,mattos,Homem
"matsuo, tiago k.",1,tiago,matsuo,Homem
"mathe, dercio m.",1,dercio,mathe,Homem
"marvasti, mohammad",1,mohammad,marvasti,Homem
"martins, victor matheus",1,victor,martins,Homem
"martins, ricardo q.",1,ricardo,martins,Homem
"martins, bruno w.",1,bruno,martins,Homem
"martini, marcia m. jardim",1,marcia,martini,Mulher
"marcon, rogerio",1,rogerio,marcon,Homem
"martin, yadira",1,yadira,martin,Mulher
"marrese, fabrizio",1,fabrizio,marrese,Homem
"marquezini, maria v.",1,maria,marquezini,Mulher
"marques, leandro d.",1,leandro,marques,Homem
"marins, tiago r. r.",1,tiago,marins,Homem
"marin, gabriela c.",1,gabriela,marin,Mulher
"mariano, andre a.",1,andre,mariano,Homem
"marconi, jorge d.",1,jorge,marconi,Homem
"marconcini, francis de melo",1,francis,marconcini,Homem
"martinez, maria aparecida g.",1,maria,martinez,Mulher
"fu, shiqiang",1,shiqiang,fu,Homem
"freitas, paulo v. a.",1,paulo,freitas,Homem
"freitas, leonardo l.",1,leonardo,freitas,Homem
"freitas, joao victor de",1,joao,freitas,Homem
"fre, gabriel l. s.",1,gabriel,fre,Homem
"frazatto, felipe",1,felipe,frazatto,Homem
"franco, ana p. g. o.",1,ana,franco,Mulher
"franca, bruno w.",1,bruno,franca,Homem
"fontebasso neto, jose",1,jose,fontebasso neto,Homem
"fonseca, wellington",1,wellington,fonseca,Homem
"fonseca, nicholas eras",1,nicholas,fonseca,Homem
"fonseca neto, joao pinto da",1,joao,fonseca neto,Homem
"flores, edna l.",1,edna,flores,Mulher
"fiorin, rodrigo",1,rodrigo,fiorin,Homem
"filho, jair l. de a.",1,jair,filho,Homem
"filgueira, jannayna d. b.",1,jannayna,filgueira,Mulher
"figueiredo, elliackin m. n.",1,elliackin,figueiredo,Homem
"fraiha, simone",1,simone,fraiha,Mulher
"gingras, stephane",1,stephane,gingras,Mulher
"giang, nguyen minh",1,nguyen,giang,Homem
"ghayekhloo, alireza",1,alireza,ghayekhloo,Homem
"gharsallah, ali",1,ali,gharsallah,Homem
"genovesi, simone",1,simone,genovesi,Mulher
"gautam, anil k.",1,anil,gautam,Homem
"garrich, miquel",1,miquel,garrich,Homem
"garibello, bernardo",1,bernardo,garibello,Homem
"garg, harshit",1,harshit,garg,Homem
"fujiyoshi, daiyuki m.",1,daiyuki,fujiyoshi,Homem
"garcia, joaquim d.",1,joaquim,garcia,Homem
"gao, shuai",1,shuai,gao,Homem
"gan, hong seng",1,hong,gan,Homem
"gama, paulo h. r. p.",1,paulo,gama,Homem
"galvao, jose rodolfo",1,jose,galvao,Homem
"galdieri, flavio jose",1,flavio,galdieri,Homem
"gaikwad, sheetal",1,sheetal,gaikwad,Mulher
"gagliesi, daniele",1,daniele,gagliesi,Mulher
"g. p. neto, jose jaime",1,jose,g. p. neto,Homem
"garcia, marcos e. c.",1,marcos,garcia,Homem
"fardin, jussara f.",1,jussara,fardin,Mulher
"farah, mehdi c.",1,mehdi,farah,Homem
"faraco filho, renato luiz",1,renato,faraco filho,Homem
"fantineli, dieison g.",1,dieison,fantineli,Homem
"falade, ayotunde",1,ayotunde,falade,Homem
"fagundes, igor",1,igor,fagundes,Homem
"fagotto, eric a. m.",1,eric,fagotto,Homem
"fagiani, anderson",1,anderson,fagiani,Homem
"fabris, luis victor muller",1,luis,fabris,Homem
"fiaboe, kokou firmin",1,kokou,fiaboe,Homem
"Espindola, Aleandro A. de",1,Aleandro,espindola,Homem
"esa, fahmiruddin",1,fahmiruddin,esa,Homem
"erredir, chahrazad",1,chahrazad,erredir,Mulher
"eras, leslye estefania castro",1,leslye,eras,Mulher
"ennajih, abdelhadi",1,abdelhadi,ennajih,Homem
"eltaif, tawfig",1,tawfig,eltaif,Homem
"elias, manoel r.",1,manoel,elias,Homem
"elias, felipe g. m.",1,felipe,elias,Homem
"elabdellaoui, larbi",1,larbi,elabdellaoui,Homem
"esquerre, vitaly felix rodriguez",1,vitaly,esquerre,Homem
"ferreira, sandra",1,sandra,ferreira,Mulher
"ferreira, hugo b.",1,hugo,ferreira,Homem
"ferreira, eduardo r.",1,eduardo,ferreira,Homem
"ferreira, carlos eduardo salles",1,carlos,ferreira,Homem
"ferreira, antonio alves",1,antonio,ferreira,Homem
"ferreira junior, jose jailton",1,jose,ferreira junior,Homem
"ferraz junior, wilton m.",1,wilton,ferraz junior,Homem
"fernandez-rodriguez, claudio e.",1,claudio,fernandez-rodriguez,Homem
"fernandez, evelio m. g.",1,evelio,fernandez,Homem
"farfan-guillen, david esteban",1,david,farfan-guillen,Homem
"fernandes, leandro c.",1,leandro,fernandes,Homem
"fernandes, gabriel de freitas",1,gabriel,fernandes,Homem
"fernandes, david p.",1,david,fernandes,Homem
"feng, chaoqiang",1,chaoqiang,feng,Homem
"felix, raquel aline araujo rodrigues",1,raquel,felix,Mulher
"favero, joao p.",1,joao,favero,Homem
"farias, robson fernandes de",1,robson,farias,Homem
"faria, tcharles v. b.",1,tcharles,faria,Homem
"faria, decio renno de m.",1,decio,faria,Homem
"fernandes, natalia castro",1,natalia,fernandes,Mulher
"itolikar, ashish b.",1,ashish,itolikar,Homem
"ida, nathan",1,nathan,ida,Homem
"iben yaich, mohamed",1,mohamed,iben yaich,Homem
"iano, yuzo",1,yuzo,iano,Homem
"hung, pham van",1,pham,hung,Homem
"hung, chun-ming",1,chun-ming,hung,Homem
"Hunagund, Prabhakar V.",1,Prabhakar,hunagund,Homem
"huiling, zhao",1,zhao,huiling,Homem
"hudon, caroline",1,caroline,hudon,Mulher
"huang, han",1,han,huang,Homem
"hua, yujin",1,yujin,hua,Mulher
"hristov, hristo d.",1,hristo,hristov,Homem
"hossain, anwar m. a.",1,anwar,hossain,Homem
"hosain, md maqubool",1,md,hosain,Homem
"holik, sonia m.",1,sonia,holik,Mulher
"hocini, abdesselam.",1,abdesselam,hocini,Homem
"heymann, rafael r.",1,rafael,heymann,Homem
"huguet, thomas",1,thomas,huguet,Homem
"kalinowski, alessandra",1,alessandra,kalinowski,Mulher
"kalghatgi, ajit t.",1,ajit,kalghatgi,Homem
"Kaler, Rajinder S.",1,Rajinder,kaler,Homem
"kahar, manisha",1,manisha,kahar,Mulher
"kadam, poonam a.",1,poonam,kadam,Mulher
"kadam, bhushan v.",1,bhushan,kadam,Homem
"kadam, ameya a.",1,ameya,kadam,Mulher
"juriollo, antonio a.",1,antonio,juriollo,Homem
"junqueira, cynthia",1,cynthia,junqueira,Mulher
"jabbar, ahmed n.",1,ahmed,jabbar,Homem
"jorge junior, evandro m.",1,evandro,jorge junior,Homem
"jiang, tao",1,tao,jiang,Homem
"jesus, luiz henrique reis de",1,luiz,jesus,Homem
"jebbor, nawfal",1,nawfal,jebbor,Homem
"janzen, frederich conrad",1,frederich,janzen,Homem
"jamaluddin, mohd h.",1,mohd,jamaluddin,Homem
"jam, shahrokh",1,shahrokh,jam,Homem
"jailton, jose",1,jose,jailton,Homem
"jafry, afig a. a.",1,afig,jafry,Indefinido
"jose, felipe kurpiel",1,felipe,jose,Homem
"guddemi, calogero",1,calogero,guddemi,Homem
"grynszpan, henrique",1,henrique,grynszpan,Homem
"grubisic, stevan",1,stevan,grubisic,Homem
"grivet, marco",1,marco,grivet,Homem
"gripp, tarcisio a. b.",1,tarcisio,gripp,Homem
"grillo, luis o. s.",1,luis,grillo,Homem
"griesser, helmut",1,helmut,griesser,Homem
"greco, ana flavia g.",1,ana,greco,Mulher
"goveia, thiago",1,thiago,goveia,Homem
"hemanth, akula v.",1,akula,hemanth,Homem
"goncalves, marcos",1,marcos,goncalves,Homem
"goncalves, claudio",1,claudio,goncalves,Homem
"goncalves, charlie s.",1,charlie,goncalves,Homem
"gomes, leonardo g.",1,leonardo,gomes,Homem
"gomes, fernando",1,fernando,gomes,Homem
"gomes, danilo fernandes",1,danilo,gomes,Homem
"gois, raoni de freitas",1,raoni,gois,Homem
"godoy, rodolfo",1,rodolfo,godoy,Homem
"girao, natalia soares",1,natalia,girao,Mulher
"goncalves, mariane de paula da silva",1,mariane,goncalves,Mulher
"hayati, mohsen",1,mohsen,hayati,Homem
"Hasselmann, Flavio J. V.",1,Flavio,hasselmann,Homem
"hassani, mohammad m.",1,mohammad,hassani,Homem
"hasar, ugur c.",1,ugur,hasar,Homem
"harun, sulaiman w.",1,sulaiman,harun,Homem
"harhouz, ahlam.",1,ahlam,harhouz,Mulher
"hardt, luis g.",1,luis,hardt,Homem
"hanthequeste, ruan f.",1,ruan,hanthequeste,Homem
"hammou, djilali",1,djilali,hammou,Homem
"gudino, lucy j.",1,lucy,gudino,Mulher
"hameyer, kay",1,kay,hameyer,Mulher
"hafdi, zoubeida",1,zoubeida,hafdi,Mulher
"habib, m. selim",1,selim,habib,Homem
"habib, m. samiul",1,samiul,habib,Homem
"Hanachi, Mouna",1,Mouna,h,Mulher
"gupta, surendra. k.",1,surendra,gupta,Homem
"guo, cuijuan",1,cuijuan,guo,Mulher
"guimaraes, alberto g.",1,alberto,guimaraes,Homem
"guerra, juan r. f.",1,juan,guerra,Homem
"hamida, belal a.",1,belal,hamida,Homem